Cp1252,,
UniqueName,Name,NARSApplicationID
AB Receiving,AB Receiving,MSC-01-ABRCVG
AD Receiving,AD Receiving,MSC-01-ADRCVG
AP_CBS_MX,Accounts Payable Approver(Mexico),MSC-01-AP_CBS_MX
AP_CBS_MX,Accounts Payable Approver,MSC-01-AP_CBS_MX
Accounts Payable (ezopen),Accounts Payable (Geneva),MSC-36-ACCTPAYABLE
Accounts Payable (mfg1-DX),Accounts Payable (Perkins),MSC-DX-ACCTSPAYABLE_UKDX
Accounts Payable (mfg1-NA),Accounts Payable (Shibaura),MSC-NA-ACCTSPAYABLE_UKNA
Analysis Admin,Analysis Admin,MSC-01-ANALYSIS_ADMIN
Analysis User,Analysis User,MSC-01-ANALYSIS_USER
Aurora Receiving,Aurora Receiving,MSC-12-AURORARCVG
BA_CBS,Block Admin CBS,MSC-01-BLOCK_ADMIN_CBS
BA_CBS_CN,Blocked Supplier Admin China,MSC-01-FT00_BA
BR_CBS_MX_8900,Broker Approver(Mexico),MSC-01-BR_CBS_MX_8900
BR_CBS_MX_MC00,Broker Approver(Mexico),MSC-01-BR_CBS_MX_MC00
BR_CBS_MX_ME00,Broker Approver(Mexico),MSC-01-BR_CBS_MX_ME00
BR_CBS_MX_XY00,Broker Approver(Mexico),MSC-01-BR_CBS_MX_XY00
BCP Receiving,BCP Receiving,MSC-DQ-BCPRCVG
BU_RVWR_JL_J0933,BU Reviewer,MSC-01-BU_RVWR_JL_J0933
BU_RVWR_JI_J0944,BU Reviewer,MSC-01-BU_RVWR_JI_J0944
BU_RVWR_18_J0944,BU Reviewer,MSC-01-BU_RVWR_18_J0944
BU_RVWR_18_J0933,BU Reviewer,MSC-01-BU_RVWR_18_J0933
BU_RVWR_01_J0430,BU Reviewer,MSC-01-BU_RVWR_01_J0430
BU_RVWR_01_J0435,BU Reviewer,MSC-01-BU_RVWR_01_J0435
BU_RVWR_01_J0538,BU Reviewer,MSC-01-BU_RVWR_01_J0538
BU_RVWR_01_J0751,BU Reviewer,MSC-01-BU_RVWR_01_J0751
BU_RVWR_01_J0840,BU Reviewer,MSC-01-BU_RVWR_01_J0840
BU_RVWR_01_J0851,BU Reviewer,MSC-01-BU_RVWR_01_J0851
BU_RVWR_01_J0852,BU Reviewer,MSC-01-BU_RVWR_01_J0852
BU_RVWR_01_J0853,BU Reviewer,MSC-01-BU_RVWR_01_J0853
BU_RVWR_01_J0854,BU Reviewer,MSC-01-BU_RVWR_01_J0854
BU_RVWR_01_J0855,BU Reviewer,MSC-01-BU_RVWR_01_J0855
BU_RVWR_01_J0857,BU Reviewer,MSC-01-BU_RVWR_01_J0857
BU_RVWR_01_J0922,BU Reviewer,MSC-01-BU_RVWR_01_J0922
BU_RVWR_01_J0923,BU Reviewer,MSC-01-BU_RVWR_01_J0923
BU_RVWR_01_J0936,BU Reviewer,MSC-01-BU_RVWR_01_J0936
BU_RVWR_01_J0944,BU Reviewer,MSC-01-BU_RVWR_01_J0944
BU_RVWR_01_J0949,BU Reviewer,MSC-01-BU_RVWR_01_J0949
BU_RVWR_01_J0952,BU Reviewer,MSC-01-BU_RVWR_01_J0952
BU_RVWR_01_J0956,BU Reviewer,MSC-01-BU_RVWR_01_J0956
BU_RVWR_01_J0985,BU Reviewer,MSC-01-BU_RVWR_01_J0985
BU_RVWR_01_J0986,BU Reviewer,MSC-01-BU_RVWR_01_J0986
BU_RVWR_01_J0988,BU Reviewer,MSC-01-BU_RVWR_01_J0988
BU_RVWR_01_J0740,BU Reviewer,MSC-01-BU_RVWR_01_J0740
BU_RVWR_01_J0741,BU Reviewer,MSC-01-BU_RVWR_01_J0741
BU_RVWR_01_J0743,BU Reviewer,MSC-01-BU_RVWR_01_J0743
BU_RVWR_01_J0745,BU Reviewer,MSC-01-BU_RVWR_01_J0745
BU_RVWR_01_J0925,BU Reviewer,MSC-01-BU_RVWR_01_J0925
BU_RVWR_01_J0959,BU Reviewer,MSC-01-BU_RVWR_01_J0959
BU_RVWR_01_J0982,BU Reviewer,MSC-01-BU_RVWR_01_J0982
BU_RVWR_01_J0984,BU Reviewer,MSC-01-BU_RVWR_01_J0984
BU_RVWR_01_J0989,BU Reviewer,MSC-01-BU_RVWR_01_J0989
BU_RVWR_01_J0992,BU Reviewer,MSC-01-BU_RVWR_01_J0992
BU_RVWR_01_J0993,BU Reviewer,MSC-01-BU_RVWR_01_J0993
BU_RVWR_01_J0994,BU Reviewer,MSC-01-BU_RVWR_01_J0994
BU_RVWR_03_J0990,BU Reviewer,MSC-01-BU_RVWR_03_J0990
BU_RVWR_06_J0944,BU Reviewer,MSC-01-BU_RVWR_06_J0944
BU_RVWR_08_J0899,BU Reviewer,MSC-01-BU_RVWR_08_J0899
BU_RVWR_08_J0904,BU Reviewer,MSC-01-BU_RVWR_08_J0904
BU_RVWR_08_J0911,BU Reviewer,MSC-01-BU_RVWR_08_J0911
BU_RVWR_08_J0924,BU Reviewer,MSC-01-BU_RVWR_08_J0924
BU_RVWR_08_J0931,BU Reviewer,MSC-01-BU_RVWR_08_J0931
BU_RVWR_08_J0941,BU Reviewer,MSC-01-BU_RVWR_08_J0941
BU_RVWR_08_J0942,BU Reviewer,MSC-01-BU_RVWR_08_J0942
BU_RVWR_08_J0950,BU Reviewer,MSC-01-BU_RVWR_08_J0950
BU_RVWR_08_J0951,BU Reviewer,MSC-01-BU_RVWR_08_J0951
BU_RVWR_08_J0954,BU Reviewer,MSC-01-BU_RVWR_08_J0954
BU_RVWR_08_J0973,BU Reviewer,MSC-01-BU_RVWR_08_J0973
BU_RVWR_08_J0976,BU Reviewer,MSC-01-BU_RVWR_08_J0976
BU_RVWR_08_J0980,BU Reviewer,MSC-01-BU_RVWR_08_J0980
BU_RVWR_08_J0981,BU Reviewer,MSC-01-BU_RVWR_08_J0981
BU_RVWR_08_J0997,BU Reviewer,MSC-01-BU_RVWR_08_J0997
BU_RVWR_08_J0998,BU Reviewer,MSC-01-BU_RVWR_08_J0998
BU_RVWR_12_J0950,BU Reviewer,MSC-01-BU_RVWR_12_J0950
BU_RVWR_13_J0810,BU Reviewer,MSC-01-BU_RVWR_13_J0810
BU_RVWR_13_J0915,BU Reviewer,MSC-01-BU_RVWR_13_J0915
BU_RVWR_13_J0930,BU Reviewer,MSC-01-BU_RVWR_13_J0930
BU_RVWR_13_J0931,BU Reviewer,MSC-01-BU_RVWR_13_J0931
BU_RVWR_13_J0940,BU Reviewer,MSC-01-BU_RVWR_13_J0940
BU_RVWR_13_J0950,BU Reviewer,MSC-01-BU_RVWR_13_J0950
BU_RVWR_13_J0955,BU Reviewer,MSC-01-BU_RVWR_13_J0955
BU_RVWR_13_J0960,BU Reviewer,MSC-01-BU_RVWR_13_J0960
BU_RVWR_13_J0980,BU Reviewer,MSC-01-BU_RVWR_13_J0980
BU_RVWR_14_J0908,BU Reviewer,MSC-01-BU_RVWR_14_J0908
BU_RVWR_16_J0913,BU Reviewer,MSC-01-BU_RVWR_16_J0913
BU_RVWR_16_J0990,BU Reviewer,MSC-01-BU_RVWR_16_J0990
BU_RVWR_34_J0912,BU Reviewer,MSC-01-BU_RVWR_34_J0912
BU_RVWR_36_J0120,BU Reviewer,MSC-01-BU_RVWR_36_J0120
BU_RVWR_36_J0915,BU Reviewer,MSC-01-BU_RVWR_36_J0915
BU_RVWR_41_J0849,BU Reviewer,MSC-01-BU_RVWR_41_J0849
BU_RVWR_41_J0873,BU Reviewer,MSC-01-BU_RVWR_41_J0873
BU_RVWR_41_J0874,BU Reviewer,MSC-01-BU_RVWR_41_J0874
BU_RVWR_41_J0875,BU Reviewer,MSC-01-BU_RVWR_41_J0875
BU_RVWR_41_J0876,BU Reviewer,MSC-01-BU_RVWR_41_J0876
BU_RVWR_41_J0877,BU Reviewer,MSC-01-BU_RVWR_41_J0877
BU_RVWR_41_J0878,BU Reviewer,MSC-01-BU_RVWR_41_J0878
BU_RVWR_41_J0948,BU Reviewer,MSC-01-BU_RVWR_41_J0948
BU_RVWR_41_J0998,BU Reviewer,MSC-01-BU_RVWR_41_J0998
BU_RVWR_61_J9955,BU Reviewer,MSC-01-BU_RVWR_61_J9955
BU_RVWR_63_J0946,BU Reviewer,MSC-01-BU_RVWR_63_J0946
BU_RVWR_68_J0976,BU Reviewer,MSC-01-BU_RVWR_68_J0976
BU_RVWR_88_J0901,BU Reviewer,MSC-01-BU_RVWR_88_J0901
BU_RVWR_CZ_J0926,BU Reviewer,MSC-01-BU_RVWR_CZ_J0926
BU_RVWR_DH_J0400,BU Reviewer,MSC-01-BU_RVWR_DH_J0400
BU_RVWR_DQ_J0910,BU Reviewer,MSC-01-BU_RVWR_DQ_J0910
BU_RVWR_DV_J0990,BU Reviewer,MSC-01-BU_RVWR_DV_J0990
BU_RVWR_JG_J0400,BU Reviewer,MSC-01-BU_RVWR_JG_J0400
BU_RVWR_JI_J0484,BU Reviewer,MSC-01-BU_RVWR_JI_J0484
BU_RVWR_JM_J0990,BU Reviewer,MSC-01-BU_RVWR_JM_J0990
BU_RVWR_KO_J0990,BU Reviewer,MSC-01-BU_RVWR_KO_J0990
BU_RVWR_LU_J0941,BU Reviewer,MSC-01-BU_RVWR_LU_J0941
BU_RVWR_LU_J0977,BU Reviewer,MSC-01-BU_RVWR_LU_J0977
BU_RVWR_MV_J0900,BU Reviewer,MSC-01-BU_RVWR_MV_J0900
BU_RVWR_N4_J0905,BU Reviewer,MSC-01-BU_RVWR_N4_J0905
BU_RVWR_N4_J0917,BU Reviewer,MSC-01-BU_RVWR_N4_J0917
BU_RVWR_PR_J0924,BU Reviewer,MSC-01-BU_RVWR_PR_J0924
BU_RVWR_PR_J0976,BU Reviewer,MSC-01-BU_RVWR_PR_J0976
BU_RVWR_PR_J0998,BU Reviewer,MSC-01-BU_RVWR_PR_J0998
BU_RVWR_R8_J0635,BU Reviewer,MSC-01-BU_RVWR_R8_J0635
Boonville Receiving,Boonville Receiving,MSC-DV-BOONVILLERCVG
Buyer Exception Handler,Buyer Exception Handler,MSC-01-BUYEREXCPHANDLER
CAO Joliet Receiving,CAO Joliet Receiving,MSC-14-CAOJOLIETRCVG
CAT Invoice Data Entry,CAT Invoice Data Entry,MSC-01-CATINVDATAENTRY
CDI Receiving,CDI Receiving,MSC-01-CDIRCVG
CI_CBS_SG,Capital Approver Singapore,MSC-SG-CAPITAL_APPROVER
CR_CBS_CN_FT00,Central Receiving FT00,MSC-01-FT00_CENTRALRCVG
CR_CBS_MX_8900,Site Receiver 8900,MSC-01-CR_CBS_MX_8900
CR_CBS_MX_MC00,Site Receiver MC00,MSC-01-CR_CBS_MX_MC00
CR_CBS_MX_ME00,Site Receiver ME00,MSC-01-CR_CBS_MX_ME00
CR_CBS_MX_XY00,Site Receiver XY00,MSC-01-CR_CBS_MX_XY00
CR_MACH1_US_1885,CPPI Receiving,MSC-01-CPPIRCVG
C_CBS_MX_8900,Capital Approver(Mexico),MSC-01-C_CBS_MX_8900
C_CBS_MX_MC00,Capital Approver(Mexico),MSC-01-C_CBS_MX_MC00
C_CBS_MX_ME00,Capital Approver(Mexico),MSC-01-C_CBS_MX_ME00
C_CBS_MX_XY00,Capital Approver(Mexico),MSC-01-C_CBS_MX_XY00
Capital Approver (ezopen-36),Capital Approver (36),MSC-36-CAPAPPROVER
Capital Approver (ezopen-NF),Capital Approver (NF),MSC-NF-CAPAPPROVER
Capital Approver (ezopen-NG),Capital Approver (NG),MSC-NG-CAPAPPROVER
Capital Approver (mfg1-DX),Captial Approver (Peterborough),MSC-DX-CAPAPPROVER_UKDX
Capital Approver (mfg1-MX),Captial Approver (Shrewsbury),MSC-MX-CAPAPPROVER_UKMX
Capital Approver (mfg1-MY),Captial Approver (Stafford),MSC-MY-CAPAPPROVER_UKMY
Capital Approver (mfg1-NA),Captial Approver (Shibaura),MSC-NA-CAPAPPROVER_UKNA
Capital Approver (mfg1-GW),Captial Approver (Shrewsbury),MSC-GW-CAPAPPROVER_UKGW
Capital Reviewer (mfg1-DX),Captial Reviewer (Peterborough),MSC-DX-CAPREVIEWER_UKDX
Capital Reviewer (mfg1-MX),Captial Reviewer (Shrewsbury),MSC-MX-CAPREVIEWER_UKMX
Capital Reviewer (mfg1-MY),Captial Reviewer (Stafford),MSC-MY-CAPREVIEWER_UKMY
Capital Reviewer (mfg1-NA),Captial Reviewer (Shibaura),MSC-NA-CAPREVIEWER_UKNA
Capital Reviewer (mfg1-GW),Captial Reviewer (Shrewsbury),MSC-GW-CAPREVIEWER_UKGW
CatEditReceipts,CatEditReceipts,MSC-01-CATEDITRECEIPTS
Catalog Admin,Catalog Admin,MSC-01-CATALOGADMIN
Category Approver (10),Category Approver (10),MSC-01-CATAPPROVER10
Category Approver (11),Category Approver (11),MSC-01-CATAPPROVER11
Category Approver (12),Category Approver (12),MSC-01-CATAPPROVER12
Category Approver (13),Category Approver (13),MSC-01-CATAPPROVER13
Category Approver (14),Category Approver (14),MSC-01-CATAPPROVER14
Category Approver (15),Category Approver (15),MSC-01-CATAPPROVER15
Category Approver (20),Category Approver (20),MSC-01-CATAPPROVER20
Category Approver (21),Category Approver (21),MSC-01-CATAPPROVER21
Category Approver (22),Category Approver (22),MSC-01-CATAPPROVER22
Category Approver (23),Category Approver (23),MSC-01-CATAPPROVER23
Category Approver (24),Category Approver (24),MSC-01-CATAPPROVER24
Category Approver (25),Category Approver (25),MSC-01-CATAPPROVER25
Category Approver (26),Category Approver (26),MSC-01-CATAPPROVER26
Category Approver (27),Category Approver (27),MSC-01-CATAPPROVER27
Category Approver (30),Category Approver (30),MSC-01-CATAPPROVER30
Category Approver (31),Category Approver (31),MSC-01-CATAPPROVER31
Category Approver (32),Category Approver (32),MSC-01-CATAPPROVER32
Category Approver (39),Category Approver (39),MSC-01-CATAPPROVER39
Category Approver (40),Category Approver (40),MSC-01-CATAPPROVER40
Category Approver (41),Category Approver (41),MSC-01-CATAPPROVER41
Category Approver (42),Category Approver (42),MSC-01-CATAPPROVER42
Category Approver (43),Category Approver (43),MSC-01-CATAPPROVER43
Category Approver (4319),Category Approver (4319),MSC-01-CATAPPROVER4319
Category Approver (4320),Category Approver (4320),MSC-01-CATAPPROVER4320
Category Approver (4321),Category Approver (4321),MSC-01-CATAPPROVER4321
Category Approver (4322),Category Approver (4322),MSC-01-CATAPPROVER4322
Category Approver (4323),Category Approver (4323),MSC-01-CATAPPROVER4323
Category Approver (44),Category Approver (44),MSC-01-CATAPPROVER44
Category Approver (45),Category Approver (45),MSC-01-CATAPPROVER45
Category Approver (46),Category Approver (46),MSC-01-CATAPPROVER46
Category Approver (47),Category Approver (47),MSC-01-CATAPPROVER47
Category Approver (48),Category Approver (48),MSC-01-CATAPPROVER48
Category Approver (49),Category Approver (49),MSC-01-CATAPPROVER49
Category Approver (50),Category Approver (50),MSC-01-CATAPPROVER50
Category Approver (51),Category Approver (51),MSC-01-CATAPPROVER51
Category Approver (52),Category Approver (52),MSC-01-CATAPPROVER52
Category Approver (53),Category Approver (53),MSC-01-CATAPPROVER53
Category Approver (54),Category Approver (54),MSC-01-CATAPPROVER54
Category Approver (55),Category Approver (55),MSC-01-CATAPPROVER55
Category Approver (56),Category Approver (56),MSC-01-CATAPPROVER56
Category Approver (60),Category Approver (60),MSC-01-CATAPPROVER60
Category Approver (70),Category Approver (70),MSC-01-CATAPPROVER70
Category Approver (71),Category Approver (71),MSC-01-CATAPPROVER71
Category Approver (72),Category Approver (72),MSC-01-CATAPPROVER72
Category Approver (73),Category Approver (73),MSC-01-CATAPPROVER73
Category Approver (76),Category Approver (76),MSC-01-CATAPPROVER76
Category Approver (77),Category Approver (77),MSC-01-CATAPPROVER77
Category Approver (78),Category Approver (78),MSC-01-CATAPPROVER78
Category Approver (80),Category Approver (80),MSC-01-CATAPPROVER80
Category Approver (81),Category Approver (81),MSC-01-CATAPPROVER81
Category Approver (82),Category Approver (82),MSC-01-CATAPPROVER82
Category Approver (83),Category Approver (83),MSC-01-CATAPPROVER83
Category Approver (84),Category Approver (84),MSC-01-CATAPPROVER84
Category Approver (85),Category Approver (85),MSC-01-CATAPPROVER85
Category Approver (86),Category Approver (86),MSC-01-CATAPPROVER86
Category Approver (90),Category Approver (90),MSC-01-CATAPPROVER90
Category Approver (91),Category Approver (91),MSC-01-CATAPPROVER91
Category Approver (92),Category Approver (92),MSC-01-CATAPPROVER92
Category Approver (93),Category Approver (93),MSC-01-CATAPPROVER93
Category Approver (94),Category Approver (94),MSC-01-CATAPPROVER94
Category Approver (mfg1-ACS-DX),Audit & Consult. Srvs Approver (Peterborough),MSC-DX-CATAPPROVER_ACSDX
Category Approver (mfg1-ACS-MX),Audit & Consult. Srvs Approver (Shrewsbury),MSC-MX-CATAPPROVER_ACSMX
Category Approver (mfg1-ACS-MY),Audit & Consult. Srvs Approver (Stafford),MSC-MY-CATAPPROVER_ACSMY
Category Approver (mfg1-ACS-NA),Audit & Consult. Srvs Approver (Shibaura),MSC-NA-CATAPPROVER_ACSNA
Category Approver (mfg1-HR-DX),HR Approver (Peterborough),MSC-DX-CATAPPROVER_HRDX
Category Approver (mfg1-HR-MX),HR Approver (Shrewsbury),MSC-MX-CATAPPROVER_HRMX
Category Approver (mfg1-HR-MY),HR Approver (Stafford),MSC-MY-CATAPPROVER_HRMY
Category Approver (mfg1-HR-NA),HR Approver (Shibaura),MSC-NA-CATAPPROVER_HRNA
Category Approver (mfg1-IT-DX),IT Approver (Peterborough),MSC-DX-CATAPPROVER_ITDX
Category Approver (mfg1-IT-MX),IT Approver (Shrewsbury),MSC-MX-CATAPPROVER_ITMX
Category Approver (mfg1-IT-MY),IT Approver (Stafford),MSC-MY-CATAPPROVER_ITMY
Category Approver (mfg1-IT-NA),IT Approver (Shibaura),MSC-NA-CATAPPROVER_ITNA
Central Receiving,Central Receiving,MSC-36-CENTRALRCVG
Change Coordinator,Change Coordinator,MSC-01-CHANGECOORDINATOR
Contract Admin,Contract Admin,MSC-01-CONTRACTADMIN
Contract Preparer,Contract Preparer,MSC-01-CONTRACT_PREPARER
Corinth Receiving,Corinth Receiving,MSC-68-CORINTHRCVG
Cross-Dock Receiving,Cross-Dock Receiving,MSC-01-CROSS-DOCKRCVG
D&FP Accounting Review Group,D&FP Accounting Review Group,MSC-01-D_FPACCTGRP
Danville Receiving,Danville Receiving,MSC-JS-DANVILLERCVG
Data Maintainer,Data Maintainer,MSC-01-DATAMAINTAINER
Decatur Receiving,Decatur Receiving,MSC-13-DECATURRCVG
Dyersburg Receiving,Dyersburg Receiving,MSC-01-DYERSBURGRCVG
E_CBS_MX_8900,Expense Approver(Mexico),MSC-01-E_CBS_MX_8900
E_CBS_MX_MC00,Expense Approver(Mexico),MSC-01-E_CBS_MX_MC00
E_CBS_MX_ME00,Expense Approver(Mexico),MSC-01-E_CBS_MX_ME00
E_CBS_MX_XY00,Expense Approver(Mexico),MSC-01-E_CBS_MX_XY00
Elkader Receiving, Elkader Receiving,MSC-01-ELKADERRCVG
FS_CBS_CN_FT00,Foreign Shipment Approver FT00,MSC-01-FT00_FS
Franklin Receiving,Franklin Receiving,MSC-IK-FRANKLINRCVG
FreightExceptionHandler,Freight Exception Handler,MSC-01-FRTEXCPHNDLR
Goods Inward (UK_DX),Goods Inward (UK_DX),MSC-DX-GOODINWARDS_UKDX
Goods Inward (UK_MX),Goods Inward (UK_MX),MSC-MX-GOODINWARDS_UKMX
Goods Inward (UK_MY),Goods Inward (UK_MY),MSC-MY-GOODINWARDS_UKMY
Goods Inward (UK_NA),Goods Inward (UK_NA),MSC-NA-GOODINWARDS_UKNA
Greenville Receiving,Greenville Receiving,MSC-GN-GREENVILLERCVG
Griffin Receiving,Griffin Receiving,MSC-GF-GRIFFINRCVG
HM_CBS_CN_FT00,Hazmat Approver FT00,MSC-01-HM_CBS_CN_FT00
HM_CBS_MX_8900,Hazmat Approver,MSC-01-HM_CBS_MX_8900
HM_CBS_MX_MC00,Hazmat Approver,MSC-01-HM_CBS_MX_MC00
HM_CBS_MX_ME00,Hazmat Approver,MSC-01-HM_CBS_MX_ME00
HM_CBS_MX_XY00,Hazmat Approver,MSC-01-HM_CBS_MX_XY00
HM_CBS_SG_AK00,Hazmat Approver (Reman - Singapore),MSC-SG-HAZMAT_APPROVER
HM_MACH1_US_1885,Hazmat Approver,MSC-01-MACH1HAZMAT
HM_Mach1_US_1000_UJ00,Hazmat Approver UJ00,MSC-01-UJ00_HAZMAT
HM_Mach1_US_1000_UJ01,Hazmat Approver UJ01,MSC-01-UJ01_HAZMAT
HM_Mach1_US_1000_UJ02,Hazmat Approver UJ02,MSC-01-UJ02_HAZMAT
Hazmat Coordinator,Hazmat Coordinator,MSC-01-HAZMATCOORDTOR
Houston Receiving,Houston Receiving,MSC-01-HOUSTONRCVG
IA_CBS_CN_FT00,e-Invoicing Approver FT00,MSC-01-FT00_EINV
IP_CBS_CN,Indirect Purchasing China,MSC-01-FT00_PROF_BUYER
IP_CBS_MX,Indirect Purchasing(Mexico),MSC-01-IP_CBS_MX
IP_CBS_SG,Professional Buyer,MSC-SG-PROF_BUYER
IP_MACH1_US_1885,Professional Buyer,MSC-01-PROF_BUYER_MACH1
IP_Mach1_US_1000_UJ00,Professional Buyer UJ00,MSC-01-UJ00_PROF_BUYER
IP_Mach1_US_1000_UJ01,Professional Buyer UJ01,MSC-01-UJ01_PROF_BUYER
IP_Mach1_US_1000_UJ02,Professional Buyer UJ02,MSC-01-UJ02_PROF_BUYER
IP_Mach1_US_1000,Professional Buyer 1000,MSC-01-IP_MACH1_US_1000
IR Error Handler (UK),IR Error Handler (UK),MSC-01-ERRORHANDLER_UK
IT Approver (EU),IT Approver (EU),MSC-36-ITAPPROVER
IT_CBS_MX,IT (Mexico),MSC-01-IT_CBS_MX
IT_MACH1,IT Approver (MACH1),MSC-01-CPPI_IT_APPROVER
Indirect Buyer (mfg1),Indirect Buyer,MSC-01-INDIRECTBUYER_UK
Invoice Inquirer,Invoice Inquirer,MSC-01-INVOICEINQUIRER
Invoice Manager,Invoice Manager,MSC-01-INVOICEMANAGER
Invoice Manager,Invoice Manager,MSC-CN-INVOICE_MANAGER
Joliet Receiving,Joliet Receiving,MSC-14-JOLIETRCVG
LC Receiving,LC Receiving,MSC-01-LCRCVG
Lafayette Receiving,Lafayette Receiving,MSC-88-LAFAYETTERCVG
Lagrange Receiving,Lagrange Receiving,MSC-LG-LAGRANGERCVG
Lognet Processor,Lognet Processor,MSC-01-LOGNETPROCESSOR
MSC Administrator,MSC Administrator,MSC-01-MSCADMINISTRATOR
MSC Black Belt,MSC Black Belt,MSC-01-MSCBLACKBELT
MSC Core Team,MSC Core Team,MSC-01-MSCCORETEAM
MSC Purchasing,MSC Purchasing,MSC-01-MSCPURCHASING
Malaga Reviewer,Malaga Reviewer,MSC-NG-MALAGAREVIEW
Mapleton Business Resources Group,Mapleton Business Resources Group,MSC-01-MPLTNBUSIRESOURCE
Mapleton Receiving,Mapleton Receiving,MSC-40-MAPLETONRCVG
Miami Receiving,Miami Receiving,MSC-DA-MIAMIRCVG
Morganton Receiving,Morganton Receiving,MSC-18-MORGANTONRCVG
Morton Receiving,Morton Receiving,MSC-47-MORTONRCVG
Mossville H Receiving,Mossville H Receiving,MSC-40-MOSSVILLEHRCVG
Mossville VV Receiving,Mossville VV Receiving,MSC-40-MOSSVILLEVVRCVG
Oxford Receiving,Oxford Receiving,MSC-JM-OXFORDRCVG
P3 Approver,P3 Approver,MSC-DX-P3_APPROVER
PA_CBS_MX_8900,PreApprover(Mexico),MSC-01-PA_CBS_MX_8900
PA_CBS_MX_MC00,PreApprover(Mexico),MSC-01-PA_CBS_MX_MC00
PA_CBS_MX_ME00,PreApprover(Mexico),MSC-01-PA_CBS_MX_ME00
PA_CBS_MX_XY00,PreApprover(Mexico),MSC-01-PA_CBS_MX_XY00
PA_MACH1_US_1885,PreApprovers,MSC-01-PREAPPRVRMACH1
PA_Mach1_US_1000_UJ00,PreApprover (Mach1) UJ00,MSC-01-UJ00_PREAPPRVR
PA_Mach1_US_1000_UJ01,PreApprover (Mach1) UJ01,MSC-01-UJ01_PREAPPRVR
PA_Mach1_US_1000_UJ02,PreApprover (Mach1) UJ02,MSC-01-UJ02_PREAPPRVR
Panama Receiving,Panama Receiving,MSC-01-PANAMARCVG
Paving Transaction Team,Paving Transaction Team,MSC-R8-PAVINGTRANTEAM
Pontiac Receiving,Pontiac Receiving,MSC-29-PONTIACRCVG
Prentiss Receiving,Prentiss Receiving,MSC-68-PRENTISSRCVG
Preparer Exception Handler,Preparer Exception Handler,MSC-01-PREPEXCPHANDLER
Professional Buyer,Professional Buyer,MSC-01-PROFESSIONALBUYER
Purchasing Mgr (ezopen-EU),Purchasing Manager (EU),MSC-36-PURMANAGER
Purchasing Mgr (ezopen-Europe),Purchasing Manager (Europe),MSC-36-PURMGR_EU
Purchasing Mgr (mfg1-Europe),Purchasing Manager (Europe),MSC-01-PURCHMGR_EUROPE
Purchasing Mgr (mfg1-UK),Purchasing Manager (Perkins-UK),MSC-01-PURCHMGR_UK
RPF Receiving,RPF Receiving,MSC-01-RPFRCVG
Reman Business Resources Group,Reman Business Resources Group,MSC-01-REMANBUSIRESOURCE
Report All,Report All,MSC-01-REPORTALL
S&PD Business Resources Group,S&PD Business Resources Group,MSC-01-S_PDBUSIRESOURCE
SR_CBS_MX_8900,Site Receiver 8900,MSC-01-SR_CBS_MX_8900
SR_CBS_MX_MC00,Site Receiver MC00,MSC-01-SR_CBS_MX_MC00
SR_CBS_MX_ME00,Site Receiver ME00,MSC-01-SR_CBS_MX_ME00
SR_CBS_MX_XY00,Site Receiver XY00,MSC-01-SR_CBS_MX_XY00
SR_Mach1_US_1000_UJ00,Site Receiver UJ00,MSC-01-UJ00_RCVG
SR_Mach1_US_1000_UJ01,Site Receiver UJ01,MSC-01-UJ01_RCVG
SR_Mach1_US_1000_UJ02,Site Receiver UJ02,MSC-01-UJ02_RCVG
Sumter HCG Receiving,Sumter HCG Receiving,MSC-ZZ-SUMTERHCGRCVG
Sumter PPPG Receiving,Sumter PPPG Receiving,MSC-ZZ-SUMTERPPPGRCVG
Supplier Entry,Supplier Entry,MSC-01-SUPPLIERENTRY
SupplierAdmin,SupplierAdmin,MSC-01-SUPPLIERADMIN
T&SD Receiving,T&SD Receiving,MSC-41-T_SDRCVG
TBU Receiving,TBU Receiving,MSC-CZ-TBURCVG
TM_CBS_CN_FT00,Tax Manager FT00,MSC-01-FT00_TAXMANAGER
TM_CBS_MX,Tax Manager(Mexico),MSC-01-TM_CBS_MX
TM_CBS_SG,Tax Manager (Singapore),MSC-SG-TAX_MANAGER
TM_MACH1_US_1885,Tax Manager (1885),MSC-01-TAXMANAGERMACH1
TM_Mach1_US_1000,Tax Manager (1000),MSC-01-1000_TAXMANAGER
TTT Receiving,TTT Receiving,MSC-16-TTTRCVG
Tax Audit,Tax Audit,MSC-01-TAXAUDIT
Tax Manager,Tax Manager,MSC-01-TAXMANAGER
Toccoa Receiving,Toccoa Receiving,MSC-XU-TOCCOARCVG
Transaction Center (EU),Indirect Purchasing (EU),MSC-36-TRANSCENTER_EU
Transaction Center (US),Indirect Purchasing (US),MSC-01-TRANSCENTER_US
Transaction Center (mfg1),Transaction Center (Perkins-UK),MSC-01-TRANSCENTER_UK
Tucson Receiving,Tucson Receiving,MSC-01-TUCSONRCVG
Voucher Inquirer,Voucher Inquirer,MSC-01-VOUCHERINQUIRER
Voucher Manager,Voucher Manager,MSC-01-VOUCHERMANAGER
West Plains Receiving,West Plains Receiving,MSC-KO-WESTPLAINSRCVG
York Receiving, York Receiving,MSC-01-YORKRCVG
HM_CBS_CN_HB00,Hazmat Approver HB00,MSC-01-HM_CBS_CN_HB00
TM_CBS_CN_HB00,Tax Manager HB00,MSC-01-HB00_TAXMANAGER
CR_CBS_CN_HB00,Central Receiving HB00,MSC-01-HB00_CENTRALRCVG
IA_CBS_CN_HB00,e-Invoicing Approver HB00,MSC-01-HB00_EINV
FS_CBS_CN_HB00,Foreign Shipment Approver HB00,MSC-01-HB00_FS
HM_CBS_CN_NN00,Hazmat Approver NN00,MSC-01-HM_CBS_CN_NN00
TM_CBS_CN_NN00,Tax Manager NN00,MSC-01-NN00_TAXMANAGER
CR_CBS_CN_NN00,Central Receiving NN00,MSC-01-NN00_CENTRALRCVG
IA_CBS_CN_NN00,e-Invoicing Approver NN00,MSC-01-NN00_EINV
FS_CBS_CN_NN00,Foreign Shipment Approver NN00,MSC-01-NN00_FS
HM_CBS_CN_XJ00,Hazmat Approver XJ00,MSC-01-HM_CBS_CN_XJ00
TM_CBS_CN_XJ00,Tax Manager XJ00,MSC-01-XJ00_TAXMANAGER
CR_CBS_CN_XJ00,Central Receiving XJ00,MSC-01-XJ00_CENTRALRCVG
IA_CBS_CN_XJ00,e-Invoicing Approver XJ00,MSC-01-XJ00_EINV
FS_CBS_CN_XJ00,Foreign Shipment Approver XJ00,MSC-01-XJ00_FS
HM_CBS_CN_JJ00,Hazmat Approver JJ00,MSC-01-HM_CBS_CN_JJ00
TM_CBS_CN_JJ00,Tax Manager JJ00,MSC-01-JJ00_TAXMANAGER
CR_CBS_CN_JJ00,Central Receiving JJ00,MSC-01-JJ00_CENTRALRCVG
IA_CBS_CN_JJ00,e-Invoicing Approver JJ00,MSC-01-JJ00_EINV
FS_CBS_CN_JJ00,Foreign Shipment Approver JJ00,MSC-01-JJ00_FS
CI_CBS_CN_S200,Capital Approver S200,MSC-CN-CI_CBS_CN_S200
CI_CBS_CN_FT00,Capital Approver FT00,MSC-CN-CI_CBS_CN_FT00
CI_CBS_CN_S700,Capital Approver S700,MSC-CN-CI_CBS_CN_S700
CR_CBS_CN_WJ00_WJ01,Central Receiving - CCMC Hose,MSC-01-CR_CBS_CN_WJ00_WJ01
CR_CBS_CN_WJ00_WJ02,Central Receiving - CCMC Valve,MSC-01-CR_CBS_CN_WJ00_WJ02
CR_CBS_CN_WJ00_WJ03,Central Receiving - CCMC Cab,MSC-01-CR_CBS_CN_WJ00_WJ03
CR_CBS_CN_WJ00_WJ04,Central Receiving - CCMC Pump,MSC-01-CR_CBS_CN_WJ00_WJ04
CR_CBS_CN_WJ00_WJ05,Central Receiving - CCMC Cylinder,MSC-01-CR_CBS_CN_WJ00_WJ05
FS_CBS_CN_S200,Foreign Shipment Approver PPST,MSC-01-FS_CBS_CN_S200
FS_CBS_CN_S400,Foreign Shipment Approver CRDC,MSC-01-FS_CBS_CN_S400
FS_CBS_CN_S700,Foreign Shipment Approver PSEW,MSC-01-FS_CBS_CN_S700
FS_CBS_CN_WJ00,Foreign Shipment Approver CCMC,MSC-01-FS_CBS_CN_WJ00
HM_CBS_CN_S200,Hazmat Approver PPST,MSC-01-HM_CBS_CN_S200
HM_CBS_CN_S400,Hazmat Approver CRDC,MSC-01-HM_CBS_CN_S400
HM_CBS_CN_S700,Hazmat Approver PSEW,MSC-01-HM_CBS_CN_S700
HM_CBS_CN_WJ00,Hazmat Approver CCMC,MSC-01-HM_CBS_CN_WJ00
IA_CBS_CN_S200,e-Invoicing Approver PPST,MSC-01-IA_CBS_CN_S200
IA_CBS_CN_S400,e-Invoicing Approver CRDC,MSC-01-IA_CBS_CN_S400
IA_CBS_CN_S700,e-Invoicing Approver PSEW,MSC-01-IA_CBS_CN_S700
IA_CBS_CN_WJ00,e-Invoicing Approver CCMC,MSC-01-IA_CBS_CN_WJ00
TM_CBS_CN_S200,Tax Manager PPST,MSC-01-TM_CBS_CN_S200
TM_CBS_CN_S400,Tax Manager CRDC,MSC-01-TM_CBS_CN_S400
TM_CBS_CN_S700,Tax Manager PSEW,MSC-01-TM_CBS_CN_S700
TM_CBS_CN_WJ00,Tax Manager CCMC,MSC-01-TM_CBS_CN_WJ00
CR_CBS_CN_S200,Central Receiving PPST,MSC-01-CR_CBS_CN_S200
CR_CBS_CN_S700,Central Receiving PSEW,MSC-01-CR_CBS_CN_S700
CI_CBS_CN_S400,Capital Approver S400,MSC-CN-CI_CBS_CN_S400
CR_MACH1_US_1000_1060_UJ00,Site Receiver 1060_UJ00,MSC-01-1060_UJ00_RCVG
CR_MACH1_US_1000_1060_UJ01,Site Receiver 1060_UJ01,MSC-01-1060_UJ01_RCVG
CR_MACH1_US_1000_1060_UJ02,Site Receiver 1060_UJ02,MSC-01-1060_UJ02_RCVG
CR_MACH1_US_1885_1010_R800,Site Receiver 1010_R800,MSC-01-1010_R800_RCVG
CR_MACH1_US_1885_1010_R801,Site Receiver 1010_R801,MSC-01-1010_R801_RCVG
CR_MACH1_US_1885_1010_R802,Site Receiver 1010_R802,MSC-01-1010_R802_RCVG
HM_MACH1_US_1000_1060_UJ00,Hazmat Approver 1060_UJ00,HM_MACH1_US_1000_1060_UJ00
HM_MACH1_US_1000_1060_UJ01,Hazmat Approver 1060_UJ01,HM_MACH1_US_1000_1060_UJ01
HM_MACH1_US_1000_1060_UJ02,Hazmat Approver 1060_UJ02,HM_MACH1_US_1000_1060_UJ02
HM_MACH1_US_1885_1010_R800,Hazmat Approver 1885_R800,MSC-01-1885_1010_R800_HAZMAT
HM_MACH1_US_1885_1010_R801,Hazmat Approver 1885_R801,MSC-01-1885_1010_R801_HAZMAT
HM_MACH1_US_1885_1010_R802,Hazmat Approver 1885_R802,MSC-01-1885_1010_R802_HAZMAT
IT_MACH1_US_1885_1010,IT Approver 1885_1010(CPPI),MSC-01-CPPI_IT_APPROVER
PA_MACH1_US_1000,Pre-Approver US (1000),MSC-01-PA_MACH1_US_1000
HM_MACH1_CA_4555,Hazmat Approver 4555,MSC-01-HM_MACH1_US_4555
IP_MACH1_CA_4555,Indirect Purchasing 4555,MSC-01-4555_PROF_BUYER
TM_MACH1_CA_4555,Tax Manager (4555),MSC-01-4555_TAXMANAGER
CR_MACH1_CA_4555,Central Receiver 4555,MSC-01-CR_M1_4555
PA_MACH1_CA_4555,Pre-Approver US (4555),MSC-01-PA_M1_US_4555
PA_MACH1_US_3815,Pre-Approver US (3815),MSC-01-PA_M1_US_3815
HM_MACH1_US_3815_1540_FJ00,HazMat Approver 3815_1540_FJ00,MSC-01-HM_M1_US_3815_FJ00
HM_MACH1_US_3815_1540_FJ01,HazMat Approver 3815_1540_FJ01,MSC-01-HM_M1_US_3815_FJ01
HM_MACH1_US_3815_1540_FJ02,HazMat Approver 3815_1540_FJ02,MSC-01-HM_M1_US_3815_FJ02
IP_MACH1_US_3815,Indirect Purchasing US (3815),MSC-01-3815_PROF_BUYER
TM_MACH1_US_3815,Tax Manager (3815),MSC-01-3815_TAXMANAGER
CR_MACH1_US_3815_1540_FJ00,Central Receiver 3815_1540_FJ00,MSC-01-CR_M1_3815_FJ00
CR_MACH1_US_3815_1540_FJ01,Central Receiver 3815_1540_FJ01,MSC-01-CR_M1_3815_FJ01
HM_MACH1_US_3815_1550_XO00,HazMat Approver 3815_1550_XO00,MSC-01-HM_M1_US_3815_XO00
CR_MACH1_US_3815_1550_XO00,Central Receiver 3815_1550_XO00,MSC-01-CR_M1_3815_XO00
HM_MACH1_US_3815_1560_FK00,HazMat Approver 3815_1560_FK00,MSC-01-HM_M1_US_3815_FK00
CR_MACH1_US_3815_1560_FK00,Central Receiver 3815_1560_FK00,MSC-01-CR_M1_3815_FK00
HM_MACH1_US_3815_1570_VQ00,HazMat Approver 3815_1570_VQ00,MSC-01-HM_M1_US_3815_VQ00
CR_MACH1_US_3815_1570_VQ00,Central Receiver 3815_1570_VQ00,MSC-01-CR_M1_3815_1570_VQ00
PA_MACH1_GB_4535,Pre-Approver UK (4535),MSC-01-PA_M1_GB_4535
HM_MACH1_GB_4535,Hazmat Approver 4535,MSC-01-HM_MACH1_GB_4535
IP_MACH1_GB_4535,Indirect Purchasing 4535,MSC-01-4535_PROF_BUYER
TM_MACH1_GB_4535,Tax Manager (4535),MSC-01-4535_TAXMANAGER
CR_MACH1_GB_4535,Central Receiver 4535,MSC-01-cR_M1_4535
CR_MACH1_US_1000_1060_UJ00,Site Receiver 1060_UJ00,MSC-01-CR_M1_1000_1060_UJ00
CR_MACH1_US_1000_1060_UJ01,Site Receiver 1060_UJ01,MSC-01-CR_M1_1000_1060_UJ01
CR_MACH1_US_1000_1060_UJ02,Site Receiver 1060_UJ02,MSC-01-CR_M1_1000_1060_UJ02
CR_MACH1_US_1885_1010_R800,Site Receiver 1010_R800,MSC-01-CR_M1_1885_1010_R800
CR_MACH1_US_1885_1010_R801,Site Receiver 1010_R801,MSC-01-CR_M1_1885_1010_R801
CR_MACH1_US_1885_1010_R802,Site Receiver 1010_R802,MSC-01-CR_M1_1885_1010_R802
HM_MACH1_US_1000_1060_UJ00,HM_MACH1_US_1000_1060_UJ00,MSC-01-HM_M1_1000_1060_UJ00
HM_MACH1_US_1000_1060_UJ01,HM_MACH1_US_1000_1060_UJ01,MSC-01-HM_M1_1000_1060_UJ01
HM_MACH1_US_1000_1060_UJ02,HM_MACH1_US_1000_1060_UJ02,MSC-01-HM_M1_1000_1060_UJ02
HM_MACH1_US_1885_1010_R800,Hazmat Approver 1885_1010_R800,MSC-01-HM_M1_1885_1010_R800
HM_MACH1_US_1885_1010_R801,Hazmat Approver 1885_1010_R801,MSC-01-HM_M1_1885_1010_R801
HM_MACH1_US_1885_1010_R802,Hazmat Approver 1885_1010_R802,MSC-01-HM_M1_1885_1010_R802
IT_MACH1_US_1885_1010,IT Approver 1885_1010(CPPI),MSC-01-IT_M1_1885_1010
PA_MACH1_US_1000,Pre-Approver US (1000),MSC-01-PA_M1_US_1000
CR_MACH1_US_1000_1220,Site Receiver 1220,MSC-01-CR_M1_1000_1220
HM_MACH1_US_1000_1220,Hazmat Approver 1220,MSC-01-HM_M1_1000_1220
CR_MACH1_US_1000_1210,Site Receiver 1210,MSC-01-CR_M1_1000_1210
HM_MACH1_US_1000_1210,Hazmat Approver 1210,MSC-01-HM_M1_1000_1210
CR_MACH1_US_1000_1230,Site Receiver 1230,MSC-01-CR_M1_1000_1230
HM_MACH1_US_1000_1230,Hazmat Approver 1230,MSC-01-HM_M1_1000_1230
HM_MACH1_US_1000_1770,Hazmat Approver 1770,MSC-01-HM_M1_1000_1770
HM_MACH1_US_1000_1770_JQ02,Hazmat Approver 1770_JQ02,MSC-01-HM_M1_1000_1770_2
MACH1_Cutover_Approver,MACH1_Cutover_Approver,MSC-01-1000_Cutover
CR_MACH1_US_1000_1300,Central Receiving CGM 1000_1300,MSC-01-CR_CGM_US_1000_1300
HM_MACH1_US_1000_1300,Hazmat Approver 1300,MSC-01-HM_M1_1000_1300
CR_MACH1_US_1000_1170,Site Receiver 1170,MSC-01-1170_RCVG
HM_MACH1_US_1000_1170,Hazmat Approver 1170,MSC-01-HM_M1_1000_1170
CR_MACH1_US_1000_1190,Site Receiver 1190,MSC-01-1190_RCVG
HM_MACH1_US_1000_1190,Hazmat Approver 1190,MSC-01-HM_M1_1000_1190
CR_MACH1_US_1000_1200,Site Receiver 1200,MSC-01-1200_RCVG
HM_MACH1_US_1000_1200,Hazmat Approver 1200,MSC-01-HM_M1_1000_1200
IM_CBS_CN_HB00,IM_CBS_CN_HB00,MSC-01-INVOICEMANAGER_HB00
IM_CBS_CN_FT00,IM_CBS_CN_FT00,MSC-01-INVOICEMANAGER_FT00
IM_CBS_CN_JJ00,IM_CBS_CN_JJ00,MSC-01-INVOICEMANAGER_JJ00
IM_CBS_CN_NN00,IM_CBS_CN_NN00,MSC-01-INVOICEMANAGER_NN00
IM_CBS_CN_S200,IM_CBS_CN_S200,MSC-01-INVOICEMANAGER_S200
IM_CBS_CN_S400,IM_CBS_CN_S400,MSC-01-INVOICEMANAGER_S400
IM_CBS_CN_S700,IM_CBS_CN_S700,MSC-01-INVOICEMANAGER_S700
IM_CBS_CN_WJ00,IM_CBS_CN_WJ00,MSC-01-INVOICEMANAGER_WJ00
IM_CBS_CN_XJ00,IM_CBS_CN_XJ00,MSC-01-INVOICEMANAGER_XJ00
CR_MACH1_US_1000_1310,Central Receiving CGM 1000_1310,MSC-01-CR_CGM_US_1000_1310
HM_MACH1_US_1000_1310,Hazmat Approver 1310,MSC-01-HM_M1_1000_1310
CR_MACH1_US_1000_1120,Central Receiving CGM 1000_1120,MSC-01-CR_CGM_US_1000_1120
HM_MACH1_US_1000_1120,Hazmat Approver 1120,MSC-01-HM_M1_1000_1120
CR_MACH1_US_1000_1130,Central Receiving CGM 1000_1130,MSC-01-CR_CGM_US_1000_1130
HM_MACH1_US_1000_1130,Hazmat Approver 1130,MSC-01-HM_M1_1000_1130
CR_MACH1_US_1000_1140,Central Receiving CGM 1000_1140,MSC-01-CR_CGM_US_1000_1140
HM_MACH1_US_1000_1140,Hazmat Approver 1140,MSC-01-HM_M1_1000_1140
CR_MACH1_US_1000_1110,Central Receiving CGM 1000_1110,MSC-01-CR_CGM_US_1000_1110
HM_MACH1_US_1000_1110,Hazmat Approver 1110,MSC-01-HM_M1_1000_1110
CR_CGM_US_1000_5000_QR01,"Central Receiving CGM 1000_5000 Houston, PA",MSC-01-CR_CGM_US_1000_5000
CR_CGM_US_1000_5400_QR02,"Central Receiving CGM 1000_5400 Beckley, WV",MSC-01-CR_CGM_US_1000_5400
CR_CGM_US_1000_5700_QR03,"Central Receiving CGM 1000_5700 Pulaski, VA",MSC-01-CR_CGM_US_1000_5700
CR_CGM_US_1000_5800_QR04,"Central Receiving CGM 1000_5800 Hillsville, VA",MSC-01-CR_CGM_US_1000_5800
CR_CGM_US_1010,"Central Receiving CGM 1010 Tazewell VA",MSC-01-CR_CGM_US_1010
CR_CGM_US_1100,"Central Receiving CGM 1100",MSC-01-CR_CGM_US_1100
CR_CGM_US_1200_1210_QU00,"Central Receiving CGM 1200 South Milwaukee,WI",MSC-01-CR_CGM_US_1210_QU00
CR_CGM_US_1200_1210_QU01,"Central Receiving CGM 1200 Kilgore,TX",MSC-01-CR_CGM_US_1210_QU01
CR_CGM_US_1400_1400_UD00,"Central Receiving CGM 1400 Denison,TX",MSC-01-CR_CGM_US_1400_UD00
CR_CGM_US_1400_1400_UD01,"Central Receiving CGM 1400 Del Rio,TX",MSC-01-CR_CGM_US_1400_UD01
HM_CGM_US_1000,Hazmat Approver CGM-1000,MSC-01-HM_CGM_US_1000
HM_CGM_US_1010,Hazmat Approver CGM-1010,MSC-01-HM_CGM_US_1010
HM_CGM_US_1100,Hazmat Approver CGM-1100,MSC-01-HM_CGM_US_1100
HM_CGM_US_1200,Hazmat Approver CGM-1200,MSC-01-HM_CGM_US_1200
HM_CGM_US_1400,Hazmat Approver CGM-1400,MSC-01-HM_CGM_US_1400
IM_CGM_US_1100,IM_CGM_US_1100,MSC-01-IM_CGM_US_1100
IM_CGM_US_1000,IM_CGM_US_1000,MSC-01-IM_CGM_US_1000
IM_CGM_US_1200,IM_CGM_US_1200,MSC-01-IM_CGM_US_1200
IM_CGM_US_1400,IM_CGM_US_1400,MSC-01-IM_CGM_US_1400
IM_CGM_US_1010,IM_CGM_US_1010,MSC-01-IM_CGM_US_1010
AP_CGM_US_1100,Accounts Payable CGM-1100,MSC-01-AP_CGM_US_1100
AP_CGM_US_1200,Accounts Payable CGM-1200,MSC-01-AP_CGM_US_1200
AP_CGM_US_1000,Accounts Payable CGM-1000,MSC-01-AP_CGM_US_1000
AP_CGM_US_1400,Accounts Payable CGM-1400,MSC-01-AP_CGM_US_1400
AP_CGM_US_1010,Accounts Payable CGM-1010,MSC-01-AP_CGM_US_1010
IP_CGM_US,Indirect Purchasing - CGM US,MSC-01-IP_CGM_US
PA_CGM_US,Contract Pre-Approver CGM US,MSC-01-PA_CGM_US
CR_CBS_CN_WJ00_WJ07,Central Receiving-CCMC Powertrain,MSC-01-CR-CCMC_WJ07
HM_MACH1_US_1000_1150,Hazmat Approver 1150,MSC-01-HM_M1_1000_1150
CR_MACH1_US_1000_1150,Central Receiver 1150,MSC-01-CR_M1_1000_1150
TM_MACH1_US_1000_1150,Tax Manager (1150),MSC-01-1000_1150_TAXMANAGER
IP_MACH1_US_1445,IP_MACH1_US_1445,MSC-01-IP_MACH1_1445
HM_MACH1_US_1445,HazMat Approver 1445,MSC-01-HM_M1_US_1445
HM_MACH1_PA_1935,HazMat Approver 1935,MSC-01-HM_M1_PA_1935
IP_MACH1_PA_1935,IP_MACH1_PA_1935,MSC-01-IP_MACH1_1935
HM_MACH1_PA_1765,HazMat Approver 1765,MSC-01-HM_M1_PA_1765
IP_MACH1_PA_1765,IP_MACH1_PA_1765,MSC-01-IP_MACH1_1765
IP_MACH1_PA_1895,IP_MACH1_PA_1895,MSC-01-IP_MACH1_1895
HM_MACH1_US_1895,HazMat Approver 1895,MSC-01-HM_M1_US_1895
PA_MACH1_US_1445,PreApprovers,MSC-01-PREAPPRVRMACH1_1445
PA_MACH1_PA_1765,PreApprovers,MSC-01-PREAPPRVRMACH1_1765
PA_MACH1_US_1895,PreApprovers,MSC-01-PREAPPRVRMACH1_1895
PA_MACH1_PA_1935,PreApprovers,MSC-01-PREAPPRVRMACH1_1935
TM_CGM_US_1000,CGM Tax Manager 1000,MSC-01-TM_CGM_US_1000
TM_CGM_US_1010,CGM Tax Manager 1010,MSC-01-TM_CGM_US_1010
TM_CGM_US_1100,CGM Tax Manager 1100,MSC-01-TM_CGM_US_1100
TM_CGM_US_1200,CGM Tax Manager 1200,MSC-01-TM_CGM_US_1200
TM_CGM_US_1400,CGM Tax Manager 1400,MSC-01-TM_CGM_US_1400
IA_MACH1_PL_1065,e-Invoicing Approver 1065,MSC-01-IA_M1_1065
TM_MACH1_PL_1065,Tax Manager (1065),MSC-01-TM_M1_1065
CR_MACH1_PL_1065_1520,Central Receiver 1065_1520,MSC-01-CR_M1_1065_1520
HM_MACH1_PL_1065_1520,HazMat Approver 1065_1520,MSC-01-HM_M1_1065_1520
PA_MACH1_PL_1065,PreApprovers (1065),MSC-01-PA_M1_1065
IP_MACH1_PL_1065,Indirect Purchasing (1065),MSC-01-IP_M1_1065
IT_MACH1_PL_1065_1530,IT Manager (1065_1530),MSC-01-IT_M1_1065_1530
IT_MACH1_PL_1065_1520,IT Manager (1065_1520),MSC-01-IT_M1_1065_1520
IT_MACH1_PL_1065_1930,IT Manager (1065_1930),MSC-01-IT_M1_1065_1930
CR_MACH1_PL_1065_1530,Central Receiver 1065_1530,MSC-01-CR_M1_1065_1530
HM_MACH1_PL_1065_1530,HazMat Approver 1065_1530,MSC-01-HM_M1_1065_1530
Site_Buyer,Site Buyer,MSC-01-PROFESSIONALBUYER
CR_MACH1_PL_1065_1930,Central Receiver 1065_1930,MSC-01-CR_M1_1065_1930
HM_MACH1_PL_1065_1930,HazMat Approver 1065_1930,MSC-01-HM_M1_1065_1930
C_MACH1_PL_1065,Capital Approver (1065),MSC-01-CA_M1_1065
CP_MACH1_PL_1065,Contract Preparer (1065),MSC-01-CP_M1_1065
TM_MACH1_HU_2005,Tax Manager (2005),MSC-01-TAXMANAGERMACH1_2005
CR_MACH1_HU_2005,Central Receiver 2005,MSC-01-CR_M1_2005
HM_MACH1_HU_2005,HazMat Approver 2005,MSC-01-HM_M1_HU_2005
PA_MACH1_HU_2005,PreApprovers,MSC-01-PREAPPRVRMACH1_2005
IP_MACH1_HU_2005,Indirect Purchasing (2005),MSC-01-IP_MACH1_2005
TM_MACH1_IT_1285,Tax Manager (1285),MSC-01-TAXMANAGERMACH1_1285
HM_MACH1_IT_1285,HazMat Approver 1285,MSC-01-HM_M1_IT_1285
IT_MACH1_IT_1285,IT Manager (1285),MSC-01-IT_MACH1_IT_1285
IP_MACH1_IT_1285,Indirect Purchasing (1285),MSC-01-IP_MACH1_1285
C_MACH1_IT_1285,Capital Approver 1285,MSC-CN-CI_MACH1_IT_1285
CR_MACH1_IT_1285_1980,Central Receiver 1285_1980,MSC-01-CR_M1_1285_1980
PA_MACH1_IT_1285,PreApprovers,MSC-01-PREAPPRVRMACH1_1285
CR_MACH1_IT_1285_1970,Central Receiver 1285_1970,MSC-01-CR_M1_1285_1970
CR_MACH1_US_1000_1950,Central Receiver 1000_1950,MSC-01-CR_M1_1000_1950
HM_MACH1_US_1000_1950,HazMat Approver 1000_1950,MSC-01-HM_M1_PL_1000_1950
CR_MACH1_US_1000_1960,Central Receiver 1000_1960,MSC-01-CR_M1_1000_1960
HM_MACH1_US_1000_1960,HazMat Approver 1000_1960,MSC-01-HM_M1_PL_1000_1960
GP-I IT Services,GP-I IT Services,GP-I IT Services
TM_MACH1_ES_2935,Tax Manager (2935),MSC-01-TM_M1_2935
CR_MACH1_ES_2935,Central Receiver (2935),MSC-01-CR_M1_2935
HM_MACH1_ES_2935,HazMat Approver (2935),MSC-01-HM_M1_2935
IT_MACH1_ES_2935,IT Manager (2935),MSC-01-IT_M1_2935
IP_MACH1_ES_2935,Indirect Purchasing (2935),MSC-01-IP_M1_2935
PA_MACH1_ES_2935,PreApprovers (2935),MSC-01-PA_M1_2935
EZO_Cutover_Approver,EZO_Cutover_Approver,MSC-01-EZO_CUTOVER
TM_MACH1_IT_1645,Tax Manager (1645),MSC-01-TM_M1_1645
CR_MACH1_IT_1645,Central Receiver (1645),MSC-01-CR_M1_1645
HM_MACH1_IT_1645,HazMat Approver (1645),MSC-01-HM_M1_1645
IT_MACH1_IT_1645,IT Manager (1645),MSC-01-IT_M1_1645
IP_MACH1_IT_1645,Indirect Purchasing (1645),MSC-01-IP_M1_1645
PA_MACH1_IT_1645,PreApprovers (1645),MSC-01-PA_M1_1645
C_MACH1_IT_1645,Capital Approver (1645),MSC-01-C_M1_1645
CR_MACH1_IT_3135_1360,Central Receiver (1360),MSC-01-CR_M1_1360
HM_MACH1_IT_3135,HazMat Approver (3135),MSC-01-HM_M1_3135
IP_MACH1_IT_3135,Indirect Purchasing (3135),MSC-01-IP_M1_3135
IT_MACH1_IT_3135,IT Manager (3135),MSC-01-IT_M1_3135
PA_MACH1_IT_3135,PreApprovers (3135),MSC-01-PA_M1_3135
TM_MACH1_IT_3135,Tax Manager (3135),MSC-01-TM_M1_3135
C_MACH1_IT_3135,Capital Approver (3135),MSC-01-C_M1_3135
CR_MACH1_IT_3135_1750,Central Receiver (1750),MSC-01-CR_M1_1750
CR_CGM_US_1000_5700_QR05,"Central Receiving CGM 1000_5700 Pulaski, VA",MSC-01-CR_CGM_US10005700
CR_CGM_US_1000_5000_QR06,"Central Receiving CGM 1000_5000 Houston, PA",MSC-01-CR_CGM_US10005000
CSCL_CBS_CN_FT00,CSCL Approver,MSC-01-CSCL_CBS_CN_FT00